{
    "Objects": [
        {
            "name": "StaticObj_Mil_CamoNet_Big_east",
            "pos": [
                612.551025390625,
                183.50900268554688,
                8581.873046875
            ],
            "ypr": [
                0.0,
                3.4128217697143556,
                6.31505012512207
            ],
            "scale": 0.9973933696746826,
            "enableCEPersistency": 0,
            "customString": ""
        },
        {
            "name": "StaticObj_Mil_CamoNet_Big_east",
            "pos": [
                603.8632202148438,
                183.3576202392578,
                8567.806640625
            ],
            "ypr": [
                -108.21549224853516,
                7.910709381103516,
                -5.471521854400635
            ],
            "scale": 0.9923584461212158,
            "enableCEPersistency": 0,
            "customString": ""
        }
    ]
}