{
    "Objects": [
        {
            "name": "StaticObj_Mil_CamoNet_Big_east",
            "pos": [
                8227.732421875,
                176.02032470703126,
                11739.9208984375
            ],
            "ypr": [
                38.173500061035159,
                2.294323682785034,
                -0.8188568949699402
            ],
            "scale": 0.9996986985206604,
            "enableCEPersistency": 0,
            "customString": ""
        }
    ]
}