{
    "Objects": [
        {
            "name": "Land_Underground_Panel",
            "pos": [
                5120.669921875,
                340.2143249511719,
                7821.67236328125
            ],
            "ypr": [
                27.835412979125978,
                2.1523067951202394,
                -0.74529629945755
            ],
            "scale": 0.998886227607727,
            "enableCEPersistency": 0
        },
        {
            "name": "Land_Underground_Panel_Lever",
            "pos": [
                5127.7314453125,
                340.66851806640627,
                7822.88525390625
            ],
            "ypr": [
                -63.5977783203125,
                -0.32732143998146059,
                -3.086308002471924
            ],
            "scale": 0.9969927668571472,
            "enableCEPersistency": 0
        },
        {
            "name": "Land_Underground_Entrance",
            "pos": [
                5125.90283203125,
                339.351318359375,
                7827.39990234375
            ],
            "ypr": [
                22.345739364624025,
                2.724611759185791,
                -0.7625145316123962
            ],
            "scale": 0.9993315935134888,
            "enableCEPersistency": 0
        },
        {
            "name": "PunchedCard",
            "pos": [
                5120.90234375,
                339.423828125,
                7821.1845703125
            ],
            "ypr": [
                22.345733642578126,
                2.3647267818450929,
                -0.9930601716041565
            ],
            "scale": 0.9996207356452942,
            "enableCEPersistency": 0
        }
    ]
}